Concentration (mol/L),Absorbance
0.1,0.077317733
0.2,0.264857585
0.3,0.437983033
0.4,0.629696361
0.5,0.692838352
0.6,0.870389914
0.7,1.170342622
0.8,1.154962891
0.9,1.370633467
1,1.46806523
